Time,Header.seq,Header.stamp.secs,Header.stamp.nsecs,Header.frame_id,Latitude,Longitude,Altitude,HDOP,UTM_northing,UTM_easting,UTC,Zone,Letter
1676051462.2521656,0,64262,0,GPS1_FRAME,1.0388600000000001,-11.921478333333333,1.4,27.8,174823.89108529256,114975.77637544285,175102.0,29,N
1676051463.2520943,0,64263,0,GPS1_FRAME,1.0388616666666666,-11.921483333333333,1.4,27.7,174823.33424365526,114975.96134938486,175103.0,29,N
1676051464.2527707,0,64264,0,GPS1_FRAME,1.0388633333333332,-11.921483333333333,1.4,27.7,174823.33441433246,114976.14580793213,175104.0,29,N
1676051465.2518008,0,64265,0,GPS1_FRAME,1.0388683333333333,-11.921491666666666,1.4,29.3,174822.4065725046,114976.70004257408,175105.0,29,N
1676051466.251673,0,64266,0,GPS1_FRAME,1.0388683333333333,-11.921493333333332,1.4,29.1,174822.22090173268,114976.70021437443,175106.0,29,N
1676051467.2504807,0,64267,0,GPS1_FRAME,1.0388666666666666,-11.921496666666666,2.1,29.6,174821.8493895064,114976.51609942595,175107.0,29,N
1676051468.2502043,0,64268,0,GPS1_FRAME,1.0388683333333333,-11.9215,2.1,30.1,174821.47821863665,114976.70090157678,175108.0,29,N
1676051469.2506955,0,64269,0,GPS1_FRAME,1.0388666666666666,-11.921503333333334,2.1,30.7,174821.10670640774,114976.516786628,175109.0,29,N
1676051470.2495818,0,64270,0,GPS1_FRAME,1.0388666666666666,-11.921506666666666,2.1,31.3,174820.73536485666,114976.51713022961,175110.0,29,N
1676051471.2507892,0,64271,0,GPS1_FRAME,1.0388666666666666,-11.921511666666667,2.1,31.8,174820.17835252947,114976.51764563276,175111.0,29,N
1676051472.2508545,0,64272,0,GPS1_FRAME,1.0388666666666666,-11.921515,2.1,32.1,174819.80701097572,114976.51798923535,175112.0,29,N
1676051473.25047,0,64273,0,GPS1_FRAME,1.0388666666666666,-11.921516666666667,2.1,32.3,174819.62134019984,114976.5181610368,175113.0,29,N
1676051474.2508023,0,64274,0,GPS1_FRAME,1.0388666666666666,-11.921518333333333,2.1,32.4,174819.4356694208,114976.51833283836,175114.0,29,N
1676051475.25164,0,64275,0,GPS1_FRAME,1.0388666666666666,-11.921516666666667,1.5,32.5,174819.62134019984,114976.5181610368,175115.0,29,N
1676051476.250871,0,64276,0,GPS1_FRAME,1.0388666666666666,-11.921516666666667,1.5,32.5,174819.62134019984,114976.5181610368,175116.0,29,N
1676051477.251431,0,64277,0,GPS1_FRAME,1.0388683333333333,-11.921521666666667,1.5,32.5,174819.064498548,114976.70313499533,175117.0,29,N
1676051478.2508879,0,64278,0,GPS1_FRAME,1.0388683333333333,-11.921526666666667,1.5,32.5,174818.50748621073,114976.70365040198,175118.0,29,N
1676051479.2496285,0,64279,0,GPS1_FRAME,1.0388683333333333,-11.921535,2.4,32.4,174817.57913231367,114976.70450941501,175119.0,29,N
1676051480.24968,0,64280,0,GPS1_FRAME,1.0388683333333333,-11.921541666666666,2.4,32.3,174816.83644919266,114976.70519662723,175120.0,29,N
1676051481.251675,0,64281,0,GPS1_FRAME,1.03887,-11.921546666666666,2.1,32.2,174816.27960753033,114976.8901705951,175121.0,29,N
1676051482.2508254,0,64282,0,GPS1_FRAME,1.03887,-11.921548333333334,2.1,32.2,174816.09393674647,114976.89034239897,175122.0,29,N
1676051483.250779,0,64283,0,GPS1_FRAME,1.0388716666666666,-11.921555000000001,2.1,32.1,174815.3514242969,114977.07548817451,175123.0,29,N
1676051484.2515445,0,64284,0,GPS1_FRAME,1.0388716666666666,-11.921561666666666,2.1,32.0,174814.60874116345,114977.07617539364,175124.0,29,N
1676051485.2542977,0,64285,0,GPS1_FRAME,1.0388716666666666,-11.921568333333333,1.4,32.0,174813.86605802266,114977.07686261435,175125.0,29,N
1676051486.2536147,0,64286,0,GPS1_FRAME,1.0388716666666666,-11.921574999999999,1.4,32.0,174813.1233748803,114977.07754983663,175126.0,29,N
1676051487.251756,0,64287,0,GPS1_FRAME,1.0388733333333333,-11.92158,2.1,31.8,174812.56653320155,114977.2625238176,175127.0,29,N
1676051488.2701988,0,64288,0,GPS1_FRAME,1.0388733333333333,-11.921585,1.4,31.7,174812.00952083903,114977.26303923706,175128.0,29,N
1676051489.2703502,0,64289,0,GPS1_FRAME,1.0388733333333333,-11.921586666666666,1.4,31.6,174811.82385005185,114977.26321104374,175129.0,29,N
1676051490.2506058,0,64290,0,GPS1_FRAME,1.0388733333333333,-11.921588333333334,2.1,31.5,174811.6381792616,114977.26338285053,175130.0,29,N
1676051491.251295,0,64291,0,GPS1_FRAME,1.0388733333333333,-11.921593333333334,2.1,31.5,174811.08116689482,114977.26389827146,175131.0,29,N
1676051492.2677548,0,64292,0,GPS1_FRAME,1.0388716666666666,-11.921595,2.1,31.5,174810.89532542083,114977.07961151292,175132.0,29,N
1676051493.2507942,0,64293,0,GPS1_FRAME,1.0388716666666666,-11.921601666666668,2.1,31.5,174810.15264225792,114977.08029874151,175133.0,29,N
1676051494.2504528,0,64294,0,GPS1_FRAME,1.0388716666666666,-11.92161,2.1,31.6,174809.22428829933,114977.08115777945,175134.0,29,N
1676051495.2679007,0,64295,0,GPS1_FRAME,1.0388716666666666,-11.921613333333333,2.1,31.6,174808.85294671345,114977.08150139533,175135.0,29,N
1676051496.2543085,0,64296,0,GPS1_FRAME,1.0388733333333333,-11.921613333333333,1.4,31.6,174808.85311739997,114977.26595996405,175136.0,29,N
1676051497.270697,0,64297,0,GPS1_FRAME,1.0388733333333333,-11.921613333333333,1.4,31.6,174808.85311739997,114977.26595996405,175137.0,29,N
1676051498.253662,0,64298,0,GPS1_FRAME,1.0388733333333333,-11.921613333333333,1.4,31.6,174808.85311739997,114977.26595996405,175138.0,29,N
1676051499.2692535,0,64299,0,GPS1_FRAME,1.0388733333333333,-11.921613333333333,1.4,31.6,174808.85311739997,114977.26595996405,175139.0,29,N
1676051500.2543387,0,64300,0,GPS1_FRAME,1.0388733333333333,-11.921613333333333,1.4,31.6,174808.85311739997,114977.26595996405,175140.0,29,N
1676051501.254539,0,64301,0,GPS1_FRAME,1.0388733333333333,-11.921613333333333,1.4,31.6,174808.85311739997,114977.26595996405,175141.0,29,N
1676051502.2674708,0,64302,0,GPS1_FRAME,1.0388733333333333,-11.921613333333333,1.4,31.6,174808.85311739997,114977.26595996405,175142.0,29,N
1676051503.271217,0,64303,0,GPS1_FRAME,1.0388733333333333,-11.921618333333333,1.4,31.3,174808.29610502068,114977.26647538942,175143.0,29,N
1676051504.2704327,0,64304,0,GPS1_FRAME,1.038875,-11.921619999999999,1.4,31.1,174808.11060491513,114977.45110576792,175144.0,29,N
1676051505.2554057,0,64305,0,GPS1_FRAME,1.038875,-11.921619999999999,1.4,31.1,174808.11060491513,114977.45110576792,175145.0,29,N
1676051506.2704039,0,64306,0,GPS1_FRAME,1.038875,-11.921619999999999,1.4,31.1,174808.11060491513,114977.45110576792,175146.0,29,N
1676051507.2543259,0,64307,0,GPS1_FRAME,1.038875,-11.921619999999999,1.4,31.1,174808.11060491513,114977.45110576792,175147.0,29,N
1676051508.2714145,0,64308,0,GPS1_FRAME,1.038875,-11.921619999999999,1.4,31.1,174808.11060491513,114977.45110576792,175148.0,29,N
1676051509.2544646,0,64309,0,GPS1_FRAME,1.038875,-11.921619999999999,1.4,31.1,174808.11060491513,114977.45110576792,175149.0,29,N
1676051510.251409,0,64310,0,GPS1_FRAME,1.038875,-11.921619999999999,1.5,31.1,174808.11060491513,114977.45110576792,175150.0,29,N
1676051511.2514412,0,64311,0,GPS1_FRAME,1.038875,-11.921619999999999,1.5,31.1,174808.11060491513,114977.45110576792,175151.0,29,N
1676051512.2512937,0,64312,0,GPS1_FRAME,1.038875,-11.921619999999999,1.5,30.9,174808.11060491513,114977.45110576792,175152.0,29,N
1676051513.25213,0,64313,0,GPS1_FRAME,1.038875,-11.921619999999999,1.5,30.9,174808.11060491513,114977.45110576792,175153.0,29,N
1676051514.2512698,0,64314,0,GPS1_FRAME,1.038875,-11.921619999999999,1.5,30.9,174808.11060491513,114977.45110576792,175154.0,29,N
1676051515.2514558,0,64315,0,GPS1_FRAME,1.038875,-11.921619999999999,1.5,30.9,174808.11060491513,114977.45110576792,175155.0,29,N
1676051516.2513373,0,64316,0,GPS1_FRAME,1.038875,-11.921619999999999,1.5,30.9,174808.11060491513,114977.45110576792,175156.0,29,N
1676051517.2513955,0,64317,0,GPS1_FRAME,1.038875,-11.921619999999999,1.5,30.9,174808.11060491513,114977.45110576792,175157.0,29,N
1676051518.2528563,0,64318,0,GPS1_FRAME,1.0388733333333333,-11.921606666666666,1.4,30.2,174809.59580057033,114977.26527273162,175158.0,29,N
1676051519.254303,0,64319,0,GPS1_FRAME,1.03887,-11.921595,1.4,29.7,174810.89515473577,114976.89515294724,175159.0,29,N
1676051520.2540333,0,64320,0,GPS1_FRAME,1.0388683333333333,-11.921585,1.4,29.4,174812.00900878542,114976.70966354493,175200.0,29,N
1676051521.254345,0,64321,0,GPS1_FRAME,1.0388650000000001,-11.921571666666667,1.4,28.9,174813.49403371738,114976.33937197793,175201.0,29,N
1676051522.2534306,0,64322,0,GPS1_FRAME,1.0388616666666666,-11.921563333333333,1.4,28.7,174814.42204628186,114975.96959583586,175202.0,29,N
1676051523.2535465,0,64323,0,GPS1_FRAME,1.0388583333333332,-11.92156,1.4,28.7,174814.79304648982,114975.60033510941,175203.0,29,N
1676051524.2540305,0,64324,0,GPS1_FRAME,1.038855,-11.921558333333333,1.4,28.9,174814.97837591497,114975.23124618753,175204.0,29,N
1676051525.2543366,0,64325,0,GPS1_FRAME,1.0388533333333332,-11.921556666666667,1.4,29.0,174815.16387601837,114975.04661582616,175205.0,29,N
1676051526.2521431,0,64326,0,GPS1_FRAME,1.03885,-11.921556666666667,1.4,29.0,174815.16353465902,114974.6776987075,175206.0,29,N
1676051527.2527819,0,64327,0,GPS1_FRAME,1.0388483333333334,-11.921555000000001,1.4,29.1,174815.3490347633,114974.49306834732,175207.0,29,N
1676051528.2528903,0,64328,0,GPS1_FRAME,1.0388483333333334,-11.921553333333332,1.4,29.1,174815.53470554948,114974.49289654662,175208.0,29,N
1676051529.252651,0,64329,0,GPS1_FRAME,1.0388466666666667,-11.921551666666666,1.4,29.2,174815.7202056538,114974.30826618757,175209.0,29,N
1676051530.2515156,0,64330,0,GPS1_FRAME,1.038845,-11.921553333333332,1.4,29.2,174815.5343641921,114974.12397942907,175210.0,29,N
1676051531.2523763,0,64331,0,GPS1_FRAME,1.0388433333333333,-11.921551666666666,1.4,29.3,174815.7198642972,114973.93934907048,175211.0,29,N
1676051532.252193,0,64332,0,GPS1_FRAME,1.03884,-11.92155,1.4,29.4,174815.9051937278,114973.57026015436,175212.0,29,N
1676051533.2542436,0,64333,0,GPS1_FRAME,1.0388383333333333,-11.921548333333334,1.4,29.5,174816.09069383366,114973.3856297974,175213.0,29,N
1676051534.2518,0,64334,0,GPS1_FRAME,1.0388366666666669,-11.92155,1.4,29.4,174815.90485237353,114973.20134303793,175214.0,29,N
1676051535.2528465,0,64335,0,GPS1_FRAME,1.0388366666666669,-11.92155,1.4,29.3,174815.90485237353,114973.20134303793,175215.0,29,N
1676051536.2516398,0,64336,0,GPS1_FRAME,1.0388366666666669,-11.921548333333334,1.4,29.3,174816.0905231567,114973.20117123949,175216.0,29,N
1676051537.2522907,0,64337,0,GPS1_FRAME,1.038835,-11.921548333333334,1.4,29.3,174816.09035248013,114973.01671268148,175217.0,29,N
1676051538.2690375,0,64338,0,GPS1_FRAME,1.038835,-11.921548333333334,1.4,29.2,174816.09035248013,114973.01671268148,175218.0,29,N
1676051539.2692745,0,64339,0,GPS1_FRAME,1.0388333333333333,-11.921545,1.4,29.2,174816.46152337256,114972.831910528,175219.0,29,N
1676051540.2529156,0,64340,0,GPS1_FRAME,1.0388316666666666,-11.921543333333334,1.4,29.2,174816.64702347928,114972.64728017329,175220.0,29,N
1676051541.2539144,0,64341,0,GPS1_FRAME,1.03883,-11.921541666666666,1.4,29.0,174816.8325235892,114972.46264981914,175221.0,29,N
1676051542.26897,0,64342,0,GPS1_FRAME,1.03883,-11.921541666666666,1.4,28.8,174816.8325235892,114972.46264981914,175222.0,29,N
1676051543.253128,0,64343,0,GPS1_FRAME,1.03883,-11.921543333333334,1.4,28.5,174816.64685280388,114972.4628216161,175223.0,29,N
1676051544.2535596,0,64344,0,GPS1_FRAME,1.0388283333333335,-11.921545,1.4,28.4,174816.46101134573,114972.27853485578,175224.0,29,N
1676051545.2536883,0,64345,0,GPS1_FRAME,1.0388283333333335,-11.921545,1.4,28.2,174816.46101134573,114972.27853485578,175225.0,29,N
1676051546.2708883,0,64346,0,GPS1_FRAME,1.0388283333333335,-11.921546666666666,1.4,28.3,174816.27534056257,114972.27870665267,175226.0,29,N
1676051547.2692351,0,64347,0,GPS1_FRAME,1.0388283333333335,-11.921548333333334,1.4,28.2,174816.08966977638,114972.27887844965,175227.0,29,N
1676051548.2536354,0,64348,0,GPS1_FRAME,1.0388266666666666,-11.92155,1.4,28.1,174815.90382831736,114972.09459168847,175228.0,29,N
1676051549.2701585,0,64349,0,GPS1_FRAME,1.0388266666666666,-11.921551666666666,1.4,28.1,174815.7181575304,114972.09476348537,175229.0,29,N
1676051550.2522378,0,64350,0,GPS1_FRAME,1.0388249999999999,-11.921553333333332,1.4,28.1,174815.53231607086,114971.9104767236,175230.0,29,N
1676051551.2515316,0,64351,0,GPS1_FRAME,1.0388233333333334,-11.921551666666666,2.1,28.1,174815.71781618043,114971.72584636841,175231.0,29,N
1676051552.2476196,0,64352,0,GPS1_FRAME,1.0388216666666668,-11.921546666666666,2.2,28.1,174816.27465786366,114971.54087242196,175232.0,29,N
1676051553.2644434,0,64353,0,GPS1_FRAME,1.03882,-11.921541666666666,2.2,28.0,174816.83149954246,114971.35589847807,175233.0,29,N
1676051554.267764,0,64354,0,GPS1_FRAME,1.0388183333333332,-11.921538333333332,2.2,27.9,174817.20267043734,114971.17109633143,175234.0,29,N
1676051555.248361,0,64355,0,GPS1_FRAME,1.0388183333333332,-11.92154,2.2,27.8,174817.01699965185,114971.17126812626,175235.0,29,N
1676051556.2647219,0,64356,0,GPS1_FRAME,1.0388166666666667,-11.921536666666666,2.2,27.7,174817.38817054674,114970.9864659807,175236.0,29,N
1676051557.263928,0,64357,0,GPS1_FRAME,1.038815,-11.921531666666668,2.2,27.7,174817.94501222292,114970.80149204274,175237.0,29,N
1676051558.248035,0,64358,0,GPS1_FRAME,1.0388133333333334,-11.921528333333333,2.2,27.6,174818.3161831164,114970.6166899006,175238.0,29,N
1676051559.2622259,0,64359,0,GPS1_FRAME,1.0388116666666667,-11.921528333333333,2.2,27.5,174818.31601244473,114970.43223134597,175239.0,29,N
1676051560.2462142,0,64360,0,GPS1_FRAME,1.0388116666666667,-11.921528333333333,2.5,27.5,174818.31601244473,114970.43223134597,175240.0,29,N
1676051561.2453542,0,64361,0,GPS1_FRAME,1.0388116666666667,-11.921526666666667,2.5,27.5,174818.5016832258,114970.43205955293,175241.0,29,N
1676051562.2458022,0,64362,0,GPS1_FRAME,1.0388083333333333,-11.921521666666667,2.5,27.6,174819.05835423135,114970.06262706731,175242.0,29,N
1676051563.24801,0,64363,0,GPS1_FRAME,1.03881,-11.921521666666667,2.5,27.6,174819.05852490204,114970.24708562085,175243.0,29,N
1676051564.2516606,0,64364,0,GPS1_FRAME,1.03881,-11.921523333333333,1.5,27.5,174818.87285411882,114970.24725741333,175244.0,29,N
1676051565.2485933,0,64365,0,GPS1_FRAME,1.0388083333333333,-11.921523333333333,2.3,27.5,174818.87268344808,114970.06279885951,175245.0,29,N
1676051566.2484581,0,64366,0,GPS1_FRAME,1.0388066666666667,-11.921523333333333,2.3,27.4,174818.87251277763,114969.8783403057,175246.0,29,N
1676051567.2500749,0,64367,0,GPS1_FRAME,1.0388066666666667,-11.921521666666667,2.1,27.5,174819.05818356096,114969.87816851378,175247.0,29,N
1676051568.2496817,0,64368,0,GPS1_FRAME,1.038805,-11.921521666666667,2.1,27.4,174819.05801289086,114969.69370996027,175248.0,29,N
1676051569.2506096,0,64369,0,GPS1_FRAME,1.0388033333333333,-11.921518333333333,2.1,27.5,174819.4291837816,114969.5089078243,175249.0,29,N
1676051570.2498863,0,64370,0,GPS1_FRAME,1.0388016666666666,-11.921518333333333,2.1,27.6,174819.4290131122,114969.32444927134,175250.0,29,N
1676051571.2499106,0,64371,0,GPS1_FRAME,1.0388,-11.921516666666667,2.1,27.8,174819.61451322603,114969.13981892783,175251.0,29,N
1676051572.2481575,0,64372,0,GPS1_FRAME,1.0387983333333333,-11.921515,2.2,27.9,174819.80001333717,114968.955188585,175252.0,29,N
1676051573.2493947,0,64373,0,GPS1_FRAME,1.0387983333333333,-11.921518333333333,2.1,28.0,174819.42867177428,114968.95553216539,175253.0,29,N
1676051574.2490058,0,64374,0,GPS1_FRAME,1.0387983333333333,-11.921523333333333,2.1,27.9,174818.87165942928,114968.95604753673,175254.0,29,N
1676051575.250045,0,64375,0,GPS1_FRAME,1.0387983333333333,-11.921523333333333,2.1,28.0,174818.87165942928,114968.95604753673,175255.0,29,N
1676051576.2504966,0,64376,0,GPS1_FRAME,1.0387966666666666,-11.921523333333333,2.1,28.1,174818.8714887604,114968.77158898293,175256.0,29,N
1676051577.249995,0,64377,0,GPS1_FRAME,1.0387966666666666,-11.921526666666667,2.1,28.1,174818.50014719449,114968.77193256376,175257.0,29,N
1676051578.2499785,0,64378,0,GPS1_FRAME,1.038795,-11.921528333333333,2.1,28.1,174818.31430574378,114968.58764579971,175258.0,29,N
1676051579.2500677,0,64379,0,GPS1_FRAME,1.038795,-11.921529999999999,2.1,28.0,174818.12863496144,114968.5878175901,175259.0,29,N
1676051580.2499413,0,64380,0,GPS1_FRAME,1.038795,-11.921529999999999,2.1,27.9,174818.12863496144,114968.5878175901,175300.0,29,N
1676051581.2530408,0,64381,0,GPS1_FRAME,1.038795,-11.921533333333334,1.4,27.8,174817.75729339314,114968.58816117117,175301.0,29,N
1676051582.2526002,0,64382,0,GPS1_FRAME,1.038795,-11.921535,1.4,27.7,174817.57162260718,114968.58833296185,175302.0,29,N
1676051583.2497435,0,64383,0,GPS1_FRAME,1.0387933333333335,-11.921538333333332,2.1,27.7,174817.20011037082,114968.40421798723,175303.0,29,N
1676051584.2499115,0,64384,0,GPS1_FRAME,1.038795,-11.921538333333332,2.1,27.7,174817.20028104004,114968.58867654351,175304.0,29,N
1676051585.251952,0,64385,0,GPS1_FRAME,1.038795,-11.921538333333332,1.4,27.6,174817.20028104004,114968.58867654351,175305.0,29,N
1676051586.2518783,0,64386,0,GPS1_FRAME,1.038795,-11.921541666666666,1.4,27.5,174816.82893946895,114968.58902012557,175306.0,29,N
1676051587.2527902,0,64387,0,GPS1_FRAME,1.0387966666666666,-11.921541666666666,1.4,27.5,174816.82911013858,114968.77347868237,175307.0,29,N
1676051588.252802,0,64388,0,GPS1_FRAME,1.0387966666666666,-11.921543333333334,1.4,27.4,174816.6434393513,114968.77365047381,175308.0,29,N
1676051589.2695048,0,64389,0,GPS1_FRAME,1.0387966666666666,-11.921546666666666,1.4,27.3,174816.27209778165,114968.77399405702,175309.0,29,N
1676051590.2689474,0,64390,0,GPS1_FRAME,1.038795,-11.92155,1.4,27.3,174815.9005855379,114968.58987908241,175310.0,29,N
1676051591.2521553,0,64391,0,GPS1_FRAME,1.038795,-11.921551666666666,1.4,27.3,174815.71491474914,114968.59005087409,175311.0,29,N
1676051592.2524626,0,64392,0,GPS1_FRAME,1.038795,-11.921555000000001,1.4,27.2,174815.34357317368,114968.59039445771,175312.0,29,N
1676051593.2692976,0,64393,0,GPS1_FRAME,1.038795,-11.921556666666667,1.4,27.1,174815.15790238685,114968.59056624968,175313.0,29,N
1676051594.2533624,0,64394,0,GPS1_FRAME,1.038795,-11.921556666666667,1.4,27.1,174815.15790238685,114968.59056624968,175314.0,29,N
1676051595.2503204,0,64395,0,GPS1_FRAME,1.038795,-11.921556666666667,1.4,27.1,174815.15790238685,114968.59056624968,175315.0,29,N
1676051596.251881,0,64396,0,GPS1_FRAME,1.038795,-11.921556666666667,1.4,27.1,174815.15790238685,114968.59056624968,175316.0,29,N
1676051597.2693985,0,64397,0,GPS1_FRAME,1.038795,-11.921556666666667,1.4,27.1,174815.15790238685,114968.59056624968,175317.0,29,N
1676051598.2670043,0,64398,0,GPS1_FRAME,1.0387933333333335,-11.921555000000001,1.5,27.3,174815.3434025034,114968.40593589869,175318.0,29,N
1676051599.2506979,0,64399,0,GPS1_FRAME,1.0387916666666668,-11.921555000000001,1.5,27.5,174815.34323183354,114968.22147733967,175319.0,29,N
1676051600.2669296,0,64400,0,GPS1_FRAME,1.0387916666666668,-11.921553333333332,1.5,27.6,174815.528902623,114968.22130554836,175320.0,29,N
1676051601.250591,0,64401,0,GPS1_FRAME,1.0387916666666668,-11.921551666666666,1.5,27.6,174815.7145734094,114968.22113375715,175321.0,29,N
1676051602.2505298,0,64402,0,GPS1_FRAME,1.0387916666666668,-11.921551666666666,1.5,27.5,174815.7145734094,114968.22113375715,175322.0,29,N
1676051603.2505813,0,64403,0,GPS1_FRAME,1.0387899999999999,-11.92155,1.5,27.4,174815.90007352905,114968.0365034078,175323.0,29,N
1676051604.2673306,0,64404,0,GPS1_FRAME,1.0387883333333334,-11.921546666666666,1.5,27.4,174816.27124443458,114967.85170126877,175324.0,29,N
1676051605.2684479,0,64405,0,GPS1_FRAME,1.0387866666666667,-11.921541666666666,1.5,27.4,174816.8280861248,114967.66672734146,175325.0,29,N
1676051606.2521799,0,64406,0,GPS1_FRAME,1.0387866666666667,-11.921543333333334,1.5,27.5,174816.64241533692,114967.66689913126,175326.0,29,N
1676051607.2662404,0,64407,0,GPS1_FRAME,1.0387866666666667,-11.92154,2.3,27.5,174817.01375690947,114967.66655555175,175327.0,29,N
1676051608.2660842,0,64408,0,GPS1_FRAME,1.038785,-11.921538333333332,2.3,27.5,174817.199257029,114967.48192520588,175328.0,29,N
1676051609.2522745,0,64409,0,GPS1_FRAME,1.0387833333333334,-11.921535,1.5,27.6,174817.57042792998,114967.29712307184,175329.0,29,N
1676051610.2680514,0,64410,0,GPS1_FRAME,1.0387816666666665,-11.921533333333334,1.5,27.7,174817.75592804974,114967.11249272761,175330.0,29,N
1676051611.2521834,0,64411,0,GPS1_FRAME,1.0387816666666665,-11.921533333333334,1.5,27.7,174817.75592804974,114967.11249272761,175331.0,29,N
1676051612.2502573,0,64412,0,GPS1_FRAME,1.0387816666666665,-11.921531666666668,1.5,27.7,174817.9415988333,114967.11232093924,175332.0,29,N
1676051613.2513173,0,64413,0,GPS1_FRAME,1.03878,-11.921531666666668,1.5,27.6,174817.94142816676,114966.92786238408,175333.0,29,N
1676051614.2507443,0,64414,0,GPS1_FRAME,1.03878,-11.921529999999999,1.5,27.6,174818.12709895306,114966.92769059607,175334.0,29,N
1676051615.250055,0,64415,0,GPS1_FRAME,1.03878,-11.921529999999999,2.3,27.6,174818.12709895306,114966.92769059607,175335.0,29,N
1676051616.2474835,0,64416,0,GPS1_FRAME,1.03878,-11.921533333333334,2.3,27.5,174817.755757383,114966.92803417219,175336.0,29,N
1676051617.2468832,0,64417,0,GPS1_FRAME,1.03878,-11.921536666666666,2.3,27.5,174817.38441581186,114966.92837774869,175337.0,29,N
1676051618.249487,0,64418,0,GPS1_FRAME,1.03878,-11.92154,1.5,27.5,174817.01307423954,114966.92872132559,175338.0,29,N
1676051619.2490046,0,64419,0,GPS1_FRAME,1.0387783333333334,-11.92154,1.5,27.6,174817.0129035727,114966.74426276905,175339.0,29,N
1676051620.2498133,0,64420,0,GPS1_FRAME,1.0387766666666667,-11.92154,1.5,27.8,174817.01273290615,114966.5598042125,175340.0,29,N
1676051621.2496557,0,64421,0,GPS1_FRAME,1.0387766666666667,-11.92154,1.5,27.9,174817.01273290615,114966.5598042125,175341.0,29,N
1676051622.249648,0,64422,0,GPS1_FRAME,1.038775,-11.92154,1.5,27.9,174817.01256223995,114966.37534565596,175342.0,29,N
1676051623.2512176,0,64423,0,GPS1_FRAME,1.0387766666666667,-11.921541666666666,1.5,27.9,174816.82706212084,114966.55997600054,175343.0,29,N
1676051624.2501333,0,64424,0,GPS1_FRAME,1.0387766666666667,-11.921541666666666,1.5,27.9,174816.82706212084,114966.55997600054,175344.0,29,N
1676051625.2496405,0,64425,0,GPS1_FRAME,1.0387766666666667,-11.921543333333334,1.5,27.9,174816.64139133244,114966.56014778868,175345.0,29,N
1676051626.2479079,0,64426,0,GPS1_FRAME,1.0387766666666667,-11.921548333333334,1.5,27.9,174816.08437897114,114966.56066315371,175346.0,29,N
1676051627.2497787,0,64427,0,GPS1_FRAME,1.0387766666666667,-11.921551666666666,1.5,27.9,174815.71303739457,114966.56100673089,175347.0,29,N
1676051628.2500594,0,64428,0,GPS1_FRAME,1.0387766666666667,-11.92156,1.5,27.8,174814.78468344972,114966.56186567554,175348.0,29,N
1676051629.2495723,0,64429,0,GPS1_FRAME,1.0387766666666667,-11.921563333333333,1.5,27.7,174814.4133418693,114966.56220925409,175349.0,29,N
1676051630.2492273,0,64430,0,GPS1_FRAME,1.0387766666666667,-11.921565,1.5,27.6,174814.2276710801,114966.5623810435,175350.0,29,N
1676051631.2501261,0,64431,0,GPS1_FRAME,1.038775,-11.921568333333333,1.5,27.6,174813.8561588301,114966.37826606145,175351.0,29,N
1676051632.2498655,0,64432,0,GPS1_FRAME,1.038775,-11.921570000000001,1.5,27.6,174813.67048803996,114966.3784378509,175352.0,29,N
1676051633.2485318,0,64433,0,GPS1_FRAME,1.038775,-11.921571666666667,1.5,27.5,174813.48481724673,114966.37860964044,175353.0,29,N
1676051634.2499008,0,64434,0,GPS1_FRAME,1.0387733333333333,-11.921573333333333,1.5,27.5,174813.29897578794,114966.19432286806,175354.0,29,N
1676051635.2504191,0,64435,0,GPS1_FRAME,1.0387733333333333,-11.921574999999999,1.5,27.5,174813.11330499692,114966.19449465752,175355.0,29,N
1676051636.2506833,0,64436,0,GPS1_FRAME,1.0387733333333333,-11.921573333333333,1.5,27.5,174813.29897578794,114966.19432286806,175356.0,29,N
1676051637.2494705,0,64437,0,GPS1_FRAME,1.038775,-11.921576666666665,1.5,27.4,174812.927804871,114966.37912500965,175357.0,29,N
1676051638.248969,0,64438,0,GPS1_FRAME,1.038775,-11.92158,1.5,27.4,174812.55646328477,114966.37946858963,175358.0,29,N
1676051639.266166,0,64439,0,GPS1_FRAME,1.038775,-11.921581666666667,1.5,27.2,174812.37079249276,114966.37964037976,175359.0,29,N
1676051640.2650876,0,64440,0,GPS1_FRAME,1.038775,-11.921585,1.5,27.1,174811.99945090484,114966.37998396032,175400.0,29,N
1676051641.2503881,0,64441,0,GPS1_FRAME,1.038775,-11.921586666666666,1.5,27.0,174811.81378011196,114966.38015575075,175401.0,29,N
1676051642.2493708,0,64442,0,GPS1_FRAME,1.038775,-11.921588333333334,1.5,27.0,174811.62810931593,114966.38032754128,175402.0,29,N
1676051643.2658129,0,64443,0,GPS1_FRAME,1.0387733333333333,-11.92159,1.5,26.9,174811.44226785342,114966.19604076713,175403.0,29,N
1676051644.2495308,0,64444,0,GPS1_FRAME,1.0387733333333333,-11.921588333333334,1.5,26.8,174811.627938647,114966.19586897678,175404.0,29,N
1676051645.2496104,0,64445,0,GPS1_FRAME,1.0387733333333333,-11.92159,1.5,26.7,174811.44226785342,114966.19604076713,175405.0,29,N
1676051646.2507367,0,64446,0,GPS1_FRAME,1.0387733333333333,-11.92159,1.5,26.7,174811.44226785342,114966.19604076713,175406.0,29,N
1676051647.2498162,0,64447,0,GPS1_FRAME,1.0387733333333333,-11.92159,1.5,26.7,174811.44226785342,114966.19604076713,175407.0,29,N
1676051648.264674,0,64448,0,GPS1_FRAME,1.0387733333333333,-11.921593333333334,1.5,26.6,174811.07092626265,114966.19638434812,175408.0,29,N
1676051649.2633765,0,64449,0,GPS1_FRAME,1.0387733333333333,-11.921598333333332,2.2,26.6,174810.5139138758,114966.19689972035,175409.0,29,N
1676051650.246967,0,64450,0,GPS1_FRAME,1.0387766666666667,-11.921598333333332,2.2,26.6,174810.5142552149,114966.56581685266,175410.0,29,N
1676051651.2610848,0,64451,0,GPS1_FRAME,1.03878,-11.921593333333334,2.4,26.7,174811.07160894084,114966.9342186095,175411.0,29,N
1676051652.2436123,0,64452,0,GPS1_FRAME,1.038785,-11.921591666666666,2.4,26.7,174811.25779174856,114967.48742251309,175412.0,29,N
1676051653.2453487,0,64453,0,GPS1_FRAME,1.0387866666666667,-11.921588333333334,2.4,26.6,174811.62930400536,114967.67153749299,175413.0,29,N
1676051654.2451768,0,64454,0,GPS1_FRAME,1.0387899999999999,-11.921588333333334,2.4,26.6,174811.62964534765,114968.04045462202,175414.0,29,N
1676051655.2624962,0,64455,0,GPS1_FRAME,1.0387899999999999,-11.921588333333334,2.4,26.6,174811.62964534765,114968.04045462202,175415.0,29,N
1676051656.264616,0,64456,0,GPS1_FRAME,1.038795,-11.921586666666666,2.2,26.6,174811.8158281581,114968.59365852182,175416.0,29,N
1676051657.246656,0,64457,0,GPS1_FRAME,1.0387983333333333,-11.921591666666666,2.2,26.5,174811.2591571238,114968.9630910338,175417.0,29,N
1676051658.265407,0,64458,0,GPS1_FRAME,1.0387966666666666,-11.921595,1.5,26.4,174810.8876448623,114968.7789760576,175418.0,29,N
1676051659.2668722,0,64459,0,GPS1_FRAME,1.0388,-11.921596666666666,1.5,26.4,174810.70231541275,114969.14806498404,175419.0,29,N
1676051660.2513657,0,64460,0,GPS1_FRAME,1.0388,-11.921596666666666,1.5,26.3,174810.70231541275,114969.14806498404,175420.0,29,N
1676051661.2659898,0,64461,0,GPS1_FRAME,1.038805,-11.921593333333334,1.5,26.0,174811.0741690229,114969.70109708994,175421.0,29,N
1676051662.2499044,0,64462,0,GPS1_FRAME,1.038805,-11.921593333333334,1.5,26.0,174811.0741690229,114969.70109708994,175422.0,29,N
1676051663.2490287,0,64463,0,GPS1_FRAME,1.0388083333333333,-11.92159,1.5,25.8,174811.44585195847,114970.06967062812,175423.0,29,N
1676051664.2497964,0,64464,0,GPS1_FRAME,1.0388083333333333,-11.92159,1.5,25.8,174811.44585195847,114970.06967062812,175424.0,29,N
1676051665.2498724,0,64465,0,GPS1_FRAME,1.0388083333333333,-11.92159,1.5,25.7,174811.44585195847,114970.06967062812,175425.0,29,N
1676051666.250088,0,64466,0,GPS1_FRAME,1.0388083333333333,-11.92159,1.5,25.7,174811.44585195847,114970.06967062812,175426.0,29,N
1676051667.2495062,0,64467,0,GPS1_FRAME,1.0388083333333333,-11.92159,1.5,25.7,174811.44585195847,114970.06967062812,175427.0,29,N
1676051668.2489207,0,64468,0,GPS1_FRAME,1.0388083333333333,-11.92159,1.5,25.7,174811.44585195847,114970.06967062812,175428.0,29,N
1676051669.248801,0,64469,0,GPS1_FRAME,1.0388083333333333,-11.921586666666666,1.5,25.8,174811.81719354406,114970.06932703595,175429.0,29,N
1676051670.24874,0,64470,0,GPS1_FRAME,1.0388066666666667,-11.921583333333333,1.5,25.8,174812.18836445455,114969.88452488044,175430.0,29,N
1676051671.2494173,0,64471,0,GPS1_FRAME,1.0388066666666667,-11.92158,1.5,25.7,174812.5597060353,114969.88418128961,175431.0,29,N
1676051672.2486608,0,64472,0,GPS1_FRAME,1.0388066666666667,-11.921578333333334,1.5,25.6,174812.74537682807,114969.88400949436,175432.0,29,N
1676051673.249979,0,64473,0,GPS1_FRAME,1.0388066666666667,-11.921578333333334,1.5,25.6,174812.74537682807,114969.88400949436,175433.0,29,N
1676051674.2487001,0,64474,0,GPS1_FRAME,1.0388066666666667,-11.921573333333333,1.5,25.5,174813.3023891991,114969.88349410913,175434.0,29,N
1676051675.2498927,0,64475,0,GPS1_FRAME,1.0388066666666667,-11.921566666666667,1.5,25.3,174814.0450723584,114969.88280693023,175435.0,29,N
1676051676.2536983,0,64476,0,GPS1_FRAME,1.0388066666666667,-11.921566666666667,1.5,25.3,174814.0450723584,114969.88280693023,175436.0,29,N
1676051677.2508943,0,64477,0,GPS1_FRAME,1.0388066666666667,-11.921563333333333,1.5,25.3,174814.41641393356,114969.88246334136,175437.0,29,N
1676051678.2507563,0,64478,0,GPS1_FRAME,1.0388066666666667,-11.921558333333333,1.5,25.3,174814.97342629998,114969.8819479588,175438.0,29,N
1676051679.2502065,0,64479,0,GPS1_FRAME,1.038805,-11.921558333333333,1.5,25.5,174814.97325562773,114969.69748939923,175439.0,29,N
1676051680.2493236,0,64480,0,GPS1_FRAME,1.0388033333333333,-11.921563333333333,1.5,25.7,174814.41607258876,114969.51354622054,175440.0,29,N
1676051681.2488666,0,64481,0,GPS1_FRAME,1.0388033333333333,-11.921563333333333,1.5,25.8,174814.41607258876,114969.51354622054,175441.0,29,N
1676051682.248495,0,64482,0,GPS1_FRAME,1.0388016666666666,-11.921566666666667,1.5,25.9,174814.04456034093,114969.32943124734,175442.0,29,N
1676051683.249955,0,64483,0,GPS1_FRAME,1.0388,-11.921568333333333,1.5,26.1,174813.85871887777,114969.14514447986,175443.0,29,N
1676051684.249417,0,64484,0,GPS1_FRAME,1.0388016666666666,-11.921570000000001,1.5,26.1,174813.67321876122,114969.32977483496,175444.0,29,N
1676051685.249068,0,64485,0,GPS1_FRAME,1.0388016666666666,-11.921570000000001,1.5,26.1,174813.67321876122,114969.32977483496,175445.0,29,N
1676051686.2499716,0,64486,0,GPS1_FRAME,1.0388016666666666,-11.921570000000001,1.5,26.1,174813.67321876122,114969.32977483496,175446.0,29,N
1676051687.2484887,0,64487,0,GPS1_FRAME,1.0388016666666666,-11.921574999999999,1.5,26.3,174813.11620639102,114969.3302902171,175447.0,29,N
1676051688.2489657,0,64488,0,GPS1_FRAME,1.0388016666666666,-11.921585,1.5,26.5,174812.0021816402,114969.33132098406,175448.0,29,N
1676051689.2619545,0,64489,0,GPS1_FRAME,1.0388,-11.921591666666666,1.5,26.8,174811.25932779687,114969.14754959889,175449.0,29,N
1676051690.2654665,0,64490,0,GPS1_FRAME,1.0388,-11.921595,1.5,26.8,174810.88798620872,114969.14789318887,175450.0,29,N
1676051691.2654538,0,64491,0,GPS1_FRAME,1.0388016666666666,-11.921595,1.5,26.8,174810.88815688225,114969.33235175454,175451.0,29,N
1676051692.2504573,0,64492,0,GPS1_FRAME,1.0388016666666666,-11.921598333333332,1.5,27.0,174810.51681529311,114969.3326953455,175452.0,29,N
1676051693.2478669,0,64493,0,GPS1_FRAME,1.0388,-11.921600000000002,2.2,27.0,174810.33097382286,114969.14840857463,175453.0,29,N
1676051694.2645607,0,64494,0,GPS1_FRAME,1.0388,-11.921600000000002,2.2,27.0,174810.33097382286,114969.14840857463,175454.0,29,N
1676051695.248371,0,64495,0,GPS1_FRAME,1.0388,-11.921600000000002,2.2,27.0,174810.33097382286,114969.14840857463,175455.0,29,N
1676051696.2468443,0,64496,0,GPS1_FRAME,1.0388,-11.921605,2.2,27.0,174809.77396143734,114969.14892396126,175456.0,29,N
1676051697.2463405,0,64497,0,GPS1_FRAME,1.0388,-11.921603333333334,2.2,27.0,174809.9596322347,114969.14875216562,175457.0,29,N
1676051698.247582,0,64498,0,GPS1_FRAME,1.0388,-11.921603333333334,2.2,27.0,174809.9596322347,114969.14875216562,175458.0,29,N
1676051699.2652617,0,64499,0,GPS1_FRAME,1.0388,-11.921603333333334,2.2,27.0,174809.9596322347,114969.14875216562,175459.0,29,N
1676051700.2649639,0,64500,0,GPS1_FRAME,1.0388,-11.921603333333334,2.2,27.0,174809.9596322347,114969.14875216562,175500.0,29,N
1676051701.2497156,0,64501,0,GPS1_FRAME,1.0388016666666666,-11.921603333333334,1.5,27.0,174809.95980290876,114969.33321073266,175501.0,29,N
1676051702.2646754,0,64502,0,GPS1_FRAME,1.0388,-11.921601666666668,2.2,26.8,174810.14530302887,114969.14858037008,175502.0,29,N
1676051703.2496908,0,64503,0,GPS1_FRAME,1.0388016666666666,-11.921601666666668,2.2,26.8,174810.14547370287,114969.33303893683,175503.0,29,N
1676051704.2491565,0,64504,0,GPS1_FRAME,1.0388016666666666,-11.921601666666668,2.2,26.8,174810.14547370287,114969.33303893683,175504.0,29,N
1676051705.2487097,0,64505,0,GPS1_FRAME,1.0388016666666666,-11.921603333333334,2.2,26.6,174809.95980290876,114969.33321073266,175505.0,29,N
1676051706.2652154,0,64506,0,GPS1_FRAME,1.0388033333333333,-11.921601666666668,2.2,26.2,174810.14564437722,114969.51749750358,175506.0,29,N
1676051707.2497892,0,64507,0,GPS1_FRAME,1.0388033333333333,-11.921601666666668,1.5,26.2,174810.14564437722,114969.51749750358,175507.0,29,N
1676051708.2643137,0,64508,0,GPS1_FRAME,1.0388033333333333,-11.921605,2.2,26.1,174809.77430278604,114969.51784109588,175508.0,29,N
1676051709.265401,0,64509,0,GPS1_FRAME,1.0388033333333333,-11.921606666666666,2.2,25.9,174809.58863199147,114969.51801289216,175509.0,29,N
1676051710.2647638,0,64510,0,GPS1_FRAME,1.0388033333333333,-11.921603333333334,2.2,25.8,174809.95997358317,114969.51766929968,175510.0,29,N
1676051711.2486832,0,64511,0,GPS1_FRAME,1.0388016666666666,-11.921603333333334,2.2,25.8,174809.95980290876,114969.33321073266,175511.0,29,N
1676051712.265034,0,64512,0,GPS1_FRAME,1.0388016666666666,-11.921598333333332,2.2,25.5,174810.51681529311,114969.3326953455,175512.0,29,N
1676051713.2497022,0,64513,0,GPS1_FRAME,1.0388016666666666,-11.921598333333332,2.2,25.5,174810.51681529311,114969.3326953455,175513.0,29,N
1676051714.2460637,0,64514,0,GPS1_FRAME,1.0388016666666666,-11.921596666666666,2.2,25.3,174810.7024860864,114969.33252354997,175514.0,29,N
1676051715.2486918,0,64515,0,GPS1_FRAME,1.0388016666666666,-11.921595,2.2,25.2,174810.88815688225,114969.33235175454,175515.0,29,N
1676051716.250096,0,64516,0,GPS1_FRAME,1.0388016666666666,-11.921593333333334,1.5,25.0,174811.07382767496,114969.33217995921,175516.0,29,N
1676051717.250316,0,64517,0,GPS1_FRAME,1.0388,-11.921588333333334,1.5,25.0,174811.63066938124,114969.14720600926,175517.0,29,N
1676051718.251366,0,64518,0,GPS1_FRAME,1.0388016666666666,-11.92159,1.5,25.0,174811.44516926247,114969.33183636884,175518.0,29,N
1676051719.2499573,0,64519,0,GPS1_FRAME,1.0388016666666666,-11.92159,1.5,25.0,174811.44516926247,114969.33183636884,175519.0,29,N
1676051720.2490814,0,64520,0,GPS1_FRAME,1.0388,-11.921581666666667,1.5,24.8,174812.37335255212,114969.14651883123,175520.0,29,N
1676051721.2474499,0,64521,0,GPS1_FRAME,1.0388,-11.921576666666665,1.5,24.6,174812.930364926,114969.14600344872,175521.0,29,N
1676051722.2482345,0,64522,0,GPS1_FRAME,1.0388,-11.921574999999999,1.5,24.6,174813.1160357186,114969.14583165475,175522.0,29,N
1676051723.2500136,0,64523,0,GPS1_FRAME,1.0388,-11.921574999999999,1.5,24.6,174813.1160357186,114969.14583165475,175523.0,29,N
1676051724.2483437,0,64524,0,GPS1_FRAME,1.0387983333333333,-11.921571666666667,1.5,24.7,174813.4872066254,114968.96102950534,175524.0,29,N
1676051725.2465906,0,64525,0,GPS1_FRAME,1.0387966666666666,-11.921568333333333,1.7,24.6,174813.85837753455,114968.77622735739,175525.0,29,N
1676051726.2457702,0,64526,0,GPS1_FRAME,1.0387966666666666,-11.921570000000001,2.2,24.6,174813.67270674562,114968.77639915042,175526.0,29,N
1676051727.2451591,0,64527,0,GPS1_FRAME,1.0387966666666666,-11.921570000000001,2.2,24.6,174813.67270674562,114968.77639915042,175527.0,29,N
1676051728.2437408,0,64528,0,GPS1_FRAME,1.0387966666666666,-11.921566666666667,2.2,24.5,174814.04404832592,114968.77605556445,175528.0,29,N
1676051729.2485178,0,64529,0,GPS1_FRAME,1.038795,-11.921565,2.2,24.4,174814.22954844323,114968.59142521097,175529.0,29,N
1676051730.2409806,0,64530,0,GPS1_FRAME,1.038795,-11.921563333333333,2.3,24.3,174814.4152192314,114968.59125341852,175530.0,29,N
1676051731.2424536,0,64531,0,GPS1_FRAME,1.0387933333333335,-11.921558333333333,2.2,24.2,174814.9720609294,114968.40627948215,175531.0,29,N
1676051732.2426755,0,64532,0,GPS1_FRAME,1.0387933333333335,-11.921558333333333,2.2,24.2,174814.9720609294,114968.40627948215,175532.0,29,N
1676051733.2406332,0,64533,0,GPS1_FRAME,1.0387933333333335,-11.921556666666667,2.2,24.1,174815.15773171652,114968.40610769036,175533.0,29,N
1676051734.2390816,0,64534,0,GPS1_FRAME,1.0387916666666668,-11.921553333333332,2.2,24.1,174815.528902623,114968.22130554836,175534.0,29,N
1676051735.2402024,0,64535,0,GPS1_FRAME,1.0387933333333335,-11.921553333333332,2.2,24.1,174815.5290732928,114968.40576410708,175535.0,29,N
1676051736.2392175,0,64536,0,GPS1_FRAME,1.0387933333333335,-11.921553333333332,2.2,24.1,174815.5290732928,114968.40576410708,175536.0,29,N
1676051737.239819,0,64537,0,GPS1_FRAME,1.0387916666666668,-11.92155,2.2,24.0,174815.9002441984,114968.22096196603,175537.0,29,N
1676051738.2376516,0,64538,0,GPS1_FRAME,1.0387916666666668,-11.92155,2.2,24.0,174815.9002441984,114968.22096196603,175538.0,29,N
1676051739.2384255,0,64539,0,GPS1_FRAME,1.0387916666666668,-11.92155,2.2,24.0,174815.9002441984,114968.22096196603,175539.0,29,N
1676051740.252172,0,64540,0,GPS1_FRAME,1.0387916666666668,-11.92155,2.2,24.0,174815.9002441984,114968.22096196603,175540.0,29,N
1676051741.23685,0,64541,0,GPS1_FRAME,1.0387899999999999,-11.921551666666666,2.2,24.0,174815.71440274,114968.03667519864,175541.0,29,N
1676051742.2523901,0,64542,0,GPS1_FRAME,1.0387916666666668,-11.92155,2.2,24.0,174815.9002441984,114968.22096196603,175542.0,29,N
1676051743.235563,0,64543,0,GPS1_FRAME,1.0387899999999999,-11.921548333333334,2.2,23.9,174816.08574431506,114968.03633161706,175543.0,29,N
1676051744.2352881,0,64544,0,GPS1_FRAME,1.0387899999999999,-11.921548333333334,2.2,23.9,174816.08574431506,114968.03633161706,175544.0,29,N
1676051745.2507656,0,64545,0,GPS1_FRAME,1.0387899999999999,-11.92155,2.2,23.8,174815.90007352905,114968.0365034078,175545.0,29,N
1676051746.2344959,0,64546,0,GPS1_FRAME,1.0387883333333334,-11.92155,2.2,23.7,174815.89990286,114967.85204484961,175546.0,29,N
1676051747.232898,0,64547,0,GPS1_FRAME,1.0387883333333334,-11.92155,2.2,23.5,174815.89990286,114967.85204484961,175547.0,29,N
1676051748.2325568,0,64548,0,GPS1_FRAME,1.0387883333333334,-11.921548333333334,2.2,23.4,174816.08557364607,114967.85187305915,175548.0,29,N
1676051749.2308934,0,64549,0,GPS1_FRAME,1.0387883333333334,-11.921546666666666,2.2,23.1,174816.27124443458,114967.85170126877,175549.0,29,N
1676051750.2315052,0,64550,0,GPS1_FRAME,1.0387866666666667,-11.921546666666666,2.2,23.1,174816.27107376605,114967.66724271115,175550.0,29,N
1676051751.230437,0,64551,0,GPS1_FRAME,1.038785,-11.921545,2.2,23.1,174816.45657388342,114967.48261236376,175551.0,29,N
1676051752.2314074,0,64552,0,GPS1_FRAME,1.038785,-11.921546666666666,2.2,23.0,174816.27090309776,114967.48278415349,175552.0,29,N
1676051753.2312343,0,64553,0,GPS1_FRAME,1.038785,-11.92155,2.2,22.7,174815.8995615227,114967.48312773321,175553.0,29,N
1676051754.2478454,0,64554,0,GPS1_FRAME,1.0387866666666667,-11.921553333333332,1.5,22.5,174815.5283906153,114967.6679298721,175554.0,29,N
1676051755.235092,0,64555,0,GPS1_FRAME,1.0387883333333334,-11.921556666666667,1.5,22.3,174815.15721970744,114967.85273201246,175555.0,29,N
1676051756.2295294,0,64556,0,GPS1_FRAME,1.0387883333333334,-11.921558333333333,2.2,22.0,174814.97154891997,114967.85290380342,175556.0,29,N
1676051757.2467465,0,64557,0,GPS1_FRAME,1.0387883333333334,-11.92156,2.2,21.6,174814.78587812948,114967.85307559448,175557.0,29,N
1676051758.2299776,0,64558,0,GPS1_FRAME,1.0387899999999999,-11.92156,1.5,21.6,174814.7860487991,114968.03753415433,175558.0,29,N
1676051759.2322862,0,64559,0,GPS1_FRAME,1.0387916666666668,-11.921561666666666,1.5,21.5,174814.60054868128,114968.22216450589,175559.0,29,N
1676051760.2447186,0,64560,0,GPS1_FRAME,1.0387899999999999,-11.921561666666666,2.2,21.3,174814.60037801124,114968.03770594575,175600.0,29,N
1676051761.2282002,0,64561,0,GPS1_FRAME,1.0387899999999999,-11.921563333333333,1.5,21.2,174814.41470722028,114968.03787773727,175601.0,29,N
1676051762.2455828,0,64562,0,GPS1_FRAME,1.0387899999999999,-11.921561666666666,1.5,21.1,174814.60037801124,114968.03770594575,175602.0,29,N
1676051763.2448888,0,64563,0,GPS1_FRAME,1.0387899999999999,-11.921563333333333,1.5,21.1,174814.41470722028,114968.03787773727,175603.0,29,N
1676051764.245357,0,64564,0,GPS1_FRAME,1.0387899999999999,-11.921561666666666,1.5,21.1,174814.60037801124,114968.03770594575,175604.0,29,N
1676051765.2280443,0,64565,0,GPS1_FRAME,1.0387916666666668,-11.921563333333333,1.5,21.3,174814.41487789038,114968.22233629771,175605.0,29,N
1676051766.2277148,0,64566,0,GPS1_FRAME,1.0387899999999999,-11.921565,1.5,21.3,174814.22903643182,114968.0380495289,175606.0,29,N
1676051767.2445343,0,64567,0,GPS1_FRAME,1.0387916666666668,-11.921566666666667,1.5,21.3,174814.0435363134,114968.22267988161,175607.0,29,N
1676051768.2268891,0,64568,0,GPS1_FRAME,1.0387916666666668,-11.921566666666667,1.5,21.2,174814.0435363134,114968.22267988161,175608.0,29,N
1676051769.226574,0,64569,0,GPS1_FRAME,1.0387933333333335,-11.921566666666667,1.5,21.1,174814.04370698397,114968.40713844256,175609.0,29,N
1676051770.2262828,0,64570,0,GPS1_FRAME,1.0387933333333335,-11.921565,1.5,21.0,174814.22937777248,114968.40696665028,175610.0,29,N
1676051771.2278042,0,64571,0,GPS1_FRAME,1.038795,-11.921568333333333,1.5,21.0,174813.85820686334,114968.59176879616,175611.0,29,N
1676051772.2238805,0,64572,0,GPS1_FRAME,1.0387966666666666,-11.921570000000001,2.1,20.9,174813.67270674562,114968.77639915042,175612.0,29,N
1676051773.2401996,0,64573,0,GPS1_FRAME,1.0387983333333333,-11.921573333333333,2.1,20.6,174813.30153583607,114968.96120129884,175613.0,29,N
1676051774.223602,0,64574,0,GPS1_FRAME,1.0387983333333333,-11.921573333333333,2.1,20.3,174813.30153583607,114968.96120129884,175614.0,29,N
1676051775.2236838,0,64575,0,GPS1_FRAME,1.0387983333333333,-11.921574999999999,2.1,20.3,174813.1158650464,114968.96137309242,175615.0,29,N
1676051776.2223842,0,64576,0,GPS1_FRAME,1.0387983333333333,-11.921573333333333,2.1,20.2,174813.30153583607,114968.96120129884,175616.0,29,N
1676051777.2224958,0,64577,0,GPS1_FRAME,1.0388,-11.921574999999999,2.1,20.2,174813.1160357186,114969.14583165475,175617.0,29,N
1676051778.2240183,0,64578,0,GPS1_FRAME,1.0388,-11.921573333333333,2.1,20.1,174813.3017065081,114969.14565986088,175618.0,29,N
1676051779.2235618,0,64579,0,GPS1_FRAME,1.0388,-11.921571666666667,2.1,20.0,174813.4873772973,114969.14548806711,175619.0,29,N
1676051780.225785,0,64580,0,GPS1_FRAME,1.0388,-11.921571666666667,1.4,20.0,174813.4873772973,114969.14548806711,175620.0,29,N
1676051781.2251296,0,64581,0,GPS1_FRAME,1.0388,-11.921571666666667,1.4,20.0,174813.4873772973,114969.14548806711,175621.0,29,N
1676051782.224862,0,64582,0,GPS1_FRAME,1.0388,-11.921571666666667,1.4,20.0,174813.4873772973,114969.14548806711,175622.0,29,N
1676051783.225154,0,64583,0,GPS1_FRAME,1.0388016666666666,-11.921571666666667,1.4,19.9,174813.4875479695,114969.3299466289,175623.0,29,N
1676051784.2239892,0,64584,0,GPS1_FRAME,1.0388016666666666,-11.921571666666667,1.4,19.7,174813.4875479695,114969.3299466289,175624.0,29,N
1676051785.2243562,0,64585,0,GPS1_FRAME,1.0388016666666666,-11.921571666666667,1.4,19.7,174813.4875479695,114969.3299466289,175625.0,29,N
1676051786.222476,0,64586,0,GPS1_FRAME,1.0388016666666666,-11.921571666666667,1.4,19.7,174813.4875479695,114969.3299466289,175626.0,29,N
1676051787.2230005,0,64587,0,GPS1_FRAME,1.0388016666666666,-11.921571666666667,1.4,19.7,174813.4875479695,114969.3299466289,175627.0,29,N
1676051788.2235951,0,64588,0,GPS1_FRAME,1.0388016666666666,-11.921571666666667,1.4,19.7,174813.4875479695,114969.3299466289,175628.0,29,N
1676051789.2227294,0,64589,0,GPS1_FRAME,1.0388016666666666,-11.921571666666667,1.4,19.7,174813.4875479695,114969.3299466289,175629.0,29,N
1676051790.2376657,0,64590,0,GPS1_FRAME,1.0388016666666666,-11.921571666666667,1.4,19.7,174813.4875479695,114969.3299466289,175630.0,29,N
1676051791.2212992,0,64591,0,GPS1_FRAME,1.0388016666666666,-11.921571666666667,1.4,19.7,174813.4875479695,114969.3299466289,175631.0,29,N
1676051792.2213917,0,64592,0,GPS1_FRAME,1.0388016666666666,-11.921571666666667,1.4,19.7,174813.4875479695,114969.3299466289,175632.0,29,N
1676051793.2376382,0,64593,0,GPS1_FRAME,1.0388016666666666,-11.921571666666667,1.4,19.7,174813.4875479695,114969.3299466289,175633.0,29,N
1676051794.22082,0,64594,0,GPS1_FRAME,1.0388016666666666,-11.921571666666667,1.4,19.7,174813.4875479695,114969.3299466289,175634.0,29,N
1676051795.2209358,0,64595,0,GPS1_FRAME,1.0388016666666666,-11.921571666666667,1.4,19.7,174813.4875479695,114969.3299466289,175635.0,29,N
1676051796.2373056,0,64596,0,GPS1_FRAME,1.0388016666666666,-11.921571666666667,1.4,19.7,174813.4875479695,114969.3299466289,175636.0,29,N
1676051797.2213874,0,64597,0,GPS1_FRAME,1.0388033333333333,-11.921573333333333,1.4,19.8,174813.302047853,114969.51457698502,175637.0,29,N
1676051798.2196066,0,64598,0,GPS1_FRAME,1.0388033333333333,-11.921573333333333,1.4,19.8,174813.302047853,114969.51457698502,175638.0,29,N
1676051799.2189717,0,64599,0,GPS1_FRAME,1.0388033333333333,-11.921573333333333,1.4,19.8,174813.302047853,114969.51457698502,175639.0,29,N
1676051800.2188022,0,64600,0,GPS1_FRAME,1.0388033333333333,-11.921573333333333,1.4,19.8,174813.302047853,114969.51457698502,175640.0,29,N
1676051801.2180383,0,64601,0,GPS1_FRAME,1.0388033333333333,-11.921573333333333,1.4,19.8,174813.302047853,114969.51457698502,175641.0,29,N
1676051802.2162423,0,64602,0,GPS1_FRAME,1.0388033333333333,-11.921573333333333,1.4,19.8,174813.302047853,114969.51457698502,175642.0,29,N
1676051803.215828,0,64603,0,GPS1_FRAME,1.0388033333333333,-11.921573333333333,1.4,19.9,174813.302047853,114969.51457698502,175643.0,29,N
1676051804.2315187,0,64604,0,GPS1_FRAME,1.0388016666666666,-11.921573333333333,1.4,20.0,174813.3018771804,114969.33011842295,175644.0,29,N
1676051805.2179189,0,64605,0,GPS1_FRAME,1.0388016666666666,-11.921570000000001,1.4,20.1,174813.67321876122,114969.32977483496,175645.0,29,N
1676051806.216956,0,64606,0,GPS1_FRAME,1.0388016666666666,-11.921571666666667,1.4,20.2,174813.4875479695,114969.3299466289,175646.0,29,N
1676051807.2172146,0,64607,0,GPS1_FRAME,1.0388,-11.921571666666667,1.4,20.3,174813.4873772973,114969.14548806711,175647.0,29,N
1676051808.2336593,0,64608,0,GPS1_FRAME,1.0388,-11.921571666666667,1.4,20.3,174813.4873772973,114969.14548806711,175648.0,29,N
1676051809.2165902,0,64609,0,GPS1_FRAME,1.0388,-11.921570000000001,1.4,20.5,174813.67304808908,114969.14531627343,175649.0,29,N
1676051810.2322729,0,64610,0,GPS1_FRAME,1.0388,-11.921571666666667,1.4,20.6,174813.4873772973,114969.14548806711,175650.0,29,N
1676051811.2160125,0,64611,0,GPS1_FRAME,1.0388,-11.921573333333333,1.4,20.8,174813.3017065081,114969.14565986088,175651.0,29,N
1676051812.2152634,0,64612,0,GPS1_FRAME,1.0388,-11.921576666666665,1.4,20.9,174812.930364926,114969.14600344872,175652.0,29,N
1676051813.2324347,0,64613,0,GPS1_FRAME,1.0388,-11.921574999999999,1.4,20.9,174813.1160357186,114969.14583165475,175653.0,29,N
1676051814.2319,0,64614,0,GPS1_FRAME,1.0388,-11.921574999999999,1.4,20.9,174813.1160357186,114969.14583165475,175654.0,29,N
1676051815.2319427,0,64615,0,GPS1_FRAME,1.0388,-11.921574999999999,1.4,20.9,174813.1160357186,114969.14583165475,175655.0,29,N
1676051816.2128677,0,64616,0,GPS1_FRAME,1.0388,-11.921576666666665,1.4,21.0,174812.930364926,114969.14600344872,175656.0,29,N
1676051817.2146134,0,64617,0,GPS1_FRAME,1.0388,-11.921578333333334,1.4,21.0,174812.7446941359,114969.14617524279,175657.0,29,N
1676051818.2311506,0,64618,0,GPS1_FRAME,1.0388,-11.92158,1.4,21.0,174812.5590233428,114969.14634703696,175658.0,29,N
1676051819.2137098,0,64619,0,GPS1_FRAME,1.0388,-11.921583333333333,1.4,21.2,174812.18768176122,114969.14669062558,175659.0,29,N
1676051820.2149284,0,64620,0,GPS1_FRAME,1.0388,-11.921581666666667,1.4,21.2,174812.37335255212,114969.14651883123,175700.0,29,N
1676051821.2130506,0,64621,0,GPS1_FRAME,1.0388016666666666,-11.921585,1.4,21.0,174812.0021816402,114969.33132098406,175701.0,29,N
1676051822.213307,0,64622,0,GPS1_FRAME,1.0388033333333333,-11.92159,1.4,20.8,174811.44533993612,114969.51629493367,175702.0,29,N
1676051823.230465,0,64623,0,GPS1_FRAME,1.0388033333333333,-11.921588333333334,1.4,20.8,174811.6310107279,114969.51612313835,175703.0,29,N
1676051824.2093594,0,64624,0,GPS1_FRAME,1.0388033333333333,-11.92159,1.4,20.8,174811.44533993612,114969.51629493367,175704.0,29,N
1676051825.2127552,0,64625,0,GPS1_FRAME,1.0388033333333333,-11.921595,1.3,20.8,174810.8883275562,114969.51681032019,175705.0,29,N
1676051826.2118611,0,64626,0,GPS1_FRAME,1.038805,-11.921596666666666,1.3,20.8,174810.7028274347,114969.7014406818,175706.0,29,N
1676051827.2137866,0,64627,0,GPS1_FRAME,1.0388033333333333,-11.921596666666666,1.3,20.9,174810.70265676046,114969.51698211588,175707.0,29,N
1676051828.2097442,0,64628,0,GPS1_FRAME,1.0388033333333333,-11.921593333333334,1.3,20.9,174811.0739983489,114969.51663852458,175708.0,29,N
1676051829.2094626,0,64629,0,GPS1_FRAME,1.0388016666666666,-11.921591666666666,2.1,20.8,174811.25949847035,114969.33200816398,175709.0,29,N
1676051830.2106059,0,64630,0,GPS1_FRAME,1.0388033333333333,-11.921593333333334,2.1,20.9,174811.0739983489,114969.51663852458,175710.0,29,N
1676051831.2109518,0,64631,0,GPS1_FRAME,1.0388033333333333,-11.921593333333334,2.1,20.9,174811.0739983489,114969.51663852458,175711.0,29,N
1676051832.2105637,0,64632,0,GPS1_FRAME,1.0388033333333333,-11.921593333333334,2.1,20.9,174811.0739983489,114969.51663852458,175712.0,29,N
1676051833.211152,0,64633,0,GPS1_FRAME,1.0388033333333333,-11.921593333333334,2.1,20.9,174811.0739983489,114969.51663852458,175713.0,29,N
1676051834.212491,0,64634,0,GPS1_FRAME,1.0388033333333333,-11.921593333333334,1.3,20.9,174811.0739983489,114969.51663852458,175714.0,29,N
1676051835.2109432,0,64635,0,GPS1_FRAME,1.0388033333333333,-11.921595,1.3,20.7,174810.8883275562,114969.51681032019,175715.0,29,N
1676051836.2119887,0,64636,0,GPS1_FRAME,1.0388033333333333,-11.921595,1.3,20.7,174810.8883275562,114969.51681032019,175716.0,29,N
1676051837.211317,0,64637,0,GPS1_FRAME,1.0388033333333333,-11.921596666666666,1.3,20.7,174810.70265676046,114969.51698211588,175717.0,29,N
1676051838.2088397,0,64638,0,GPS1_FRAME,1.0388033333333333,-11.921596666666666,2.1,20.5,174810.70265676046,114969.51698211588,175718.0,29,N
1676051839.209968,0,64639,0,GPS1_FRAME,1.0388033333333333,-11.921596666666666,2.1,20.6,174810.70265676046,114969.51698211588,175719.0,29,N
1676051840.2256029,0,64640,0,GPS1_FRAME,1.0388033333333333,-11.921596666666666,2.1,20.6,174810.70265676046,114969.51698211588,175720.0,29,N
1676051841.2090678,0,64641,0,GPS1_FRAME,1.0388033333333333,-11.921596666666666,2.1,20.6,174810.70265676046,114969.51698211588,175721.0,29,N
1676051842.2075667,0,64642,0,GPS1_FRAME,1.0388033333333333,-11.921598333333332,2.1,20.4,174810.51698596723,114969.51715391169,175722.0,29,N
1676051843.2241964,0,64643,0,GPS1_FRAME,1.0388033333333333,-11.921596666666666,2.1,20.3,174810.70265676046,114969.51698211588,175723.0,29,N
1676051844.2088873,0,64644,0,GPS1_FRAME,1.0388033333333333,-11.921598333333332,2.1,20.3,174810.51698596723,114969.51715391169,175724.0,29,N
1676051845.2109807,0,64645,0,GPS1_FRAME,1.0388033333333333,-11.921598333333332,1.3,20.3,174810.51698596723,114969.51715391169,175725.0,29,N
1676051846.2104821,0,64646,0,GPS1_FRAME,1.0388033333333333,-11.921598333333332,1.3,20.3,174810.51698596723,114969.51715391169,175726.0,29,N
